LG, 1, 홍창기, RF, 109, 141, 643, 638, 524, 109, 174, 35, 2, 1, 216, 65, 23, 23, 88, 22, 3, 83, 6, 3, 6, 0.332, 0.444, 0.412, 0.856, 0.069, 161.8, 7.91
키움, 2, 김혜성, 2B, 104, 137, 621, 619, 556, 104, 186, 29, 6, 7, 248, 57, 25, 3, 57, 3, 3, 77, 6, 0, 5, 0.335, 0.396, 0.446, 0.842, 0.046, 142.6, 6.98
NC, 3, 손아섭, DH, 97, 140, 609, 608, 551, 97, 187, 36, 3, 5, 244, 65, 14, 3, 50, 2, 2, 67, 10, 1, 5, 0.339, 0.393, 0.443, 0.836, 0.039, 137.5, 4.62
SSG, 4, 최정, 3B, 94, 128, 552, 547, 471, 94, 140, 31, 0, 29, 258, 87, 7, 3, 59, 15, 6, 87, 12, 1, 6, 0.297, 0.388, 0.548, 0.936, 0.057, 151.6, 4.85
KIA, 5, 소크라테스, CF, 91, 142, 608, 606, 547, 91, 156, 31, 3, 20, 253, 96, 15, 6, 52, 1, 4, 80, 13, 0, 8, 0.285, 0.344, 0.463, 0.807, 0.020, 120.9, 4.60
LG, 6, 오스틴, 1B, 87, 139, 583, 583, 520, 87, 163, 29, 4, 23, 269, 95, 7, 3, 53, 3, 2, 75, 11, 0, 7, 0.313, 0.376, 0.517, 0.893, 0.066, 160.2, 5.74
한화, 7, 노시환, 3B, 85, 131, 595, 590, 514, 85, 153, 30, 1, 31, 278, 101, 2, 1, 74, 4, 5, 118, 13, 0, 3, 0.298, 0.388, 0.541, 0.929, 0.058, 152.7, 6.82
KT, 8, 알포드, LF, 83, 133, 547, 546, 491, 83, 142, 31, 3, 15, 224, 70, 17, 4, 47, 6, 1, 140, 6, 0, 3, 0.289, 0.356, 0.456, 0.812, 0.022, 122.8, 4.82
롯데, 9, 전준우, DH, 80, 138, 559, 556, 493, 80, 154, 21, 3, 17, 232, 77, 9, 2, 52, 7, 4, 65, 12, 0, 7, 0.312, 0.381, 0.471, 0.852, 0.046, 143.1, 3.79
LG, 9, 박해민, CF, 80, 144, 558, 534, 485, 80, 138, 14, 2, 6, 174, 59, 26, 12, 45, 3, 0, 74, 7, 24, 1, 0.285, 0.348, 0.359, 0.707, -0.002, 102.4, 4.80
LG, 11, 문보경, 3B, 77, 131, 542, 533, 469, 77, 141, 29, 5, 10, 210, 72, 9, 8, 58, 2, 2, 83, 5, 9, 4, 0.301, 0.377, 0.448, 0.825, 0.042, 139.1, 4.45
LG, 11, 문성주, RF, 77, 136, 534, 528, 449, 77, 132, 21, 4, 2, 167, 57, 24, 14, 67, 8, 0, 34, 10, 6, 4, 0.294, 0.392, 0.372, 0.764, 0.031, 130.1, 4.76
NC, 13, 박민우, 2B, 76, 124, 509, 501, 452, 76, 143, 20, 7, 2, 183, 46, 26, 7, 40, 9, 3, 57, 13, 5, 3, 0.316, 0.381, 0.405, 0.786, 0.025, 124.7, 5.25
SSG, 13, 에레디아, LF, 76, 122, 523, 519, 473, 76, 153, 29, 0, 12, 218, 76, 12, 8, 39, 9, 4, 75, 13, 1, 1, 0.323, 0.385, 0.461, 0.846, 0.040, 138.1, 4.11
두산, 15, 정수빈, CF, 75, 137, 583, 571, 498, 75, 143, 14, 11, 2, 185, 33, 39, 8, 64, 7, 1, 63, 2, 12, 2, 0.287, 0.375, 0.371, 0.746, 0.016, 117.4, 4.87
KIA, 16, 박찬호, SS, 73, 130, 507, 500, 452, 73, 136, 18, 4, 3, 171, 52, 30, 8, 40, 2, 0, 56, 13, 7, 6, 0.301, 0.356, 0.378, 0.734, 0.006, 109.2, 4.71
두산, 16, 양석환, 1B, 73, 140, 582, 579, 524, 73, 147, 28, 0, 21, 238, 89, 4, 0, 41, 6, 3, 133, 9, 0, 11, 0.281, 0.333, 0.454, 0.787, 0.016, 117.5, 3.33
KIA, 18, 김도영, 3B, 72, 84, 385, 382, 340, 72, 103, 20, 5, 7, 154, 47, 25, 4, 38, 1, 1, 62, 14, 2, 4, 0.303, 0.371, 0.453, 0.824, 0.028, 128.0, 3.88
한화, 19, 채은성, 1B, 71, 137, 596, 593, 521, 71, 137, 17, 0, 23, 223, 84, 0, 0, 52, 20, 8, 102, 16, 0, 3, 0.263, 0.351, 0.428, 0.779, 0.024, 124.6, 2.36
NC, 20, 박건우, RF, 70, 130, 533, 532, 458, 70, 146, 34, 2, 12, 220, 85, 7, 5, 56, 9, 0, 71, 14, 1, 9, 0.319, 0.397, 0.480, 0.877, 0.048, 144.9, 3.92
KT, 21, 김민혁, CF, 68, 113, 448, 441, 397, 68, 118, 20, 3, 3, 153, 41, 11, 4, 36, 3, 0, 48, 4, 7, 5, 0.297, 0.356, 0.385, 0.741, 0.011, 112.9, 3.85
삼성, 22, 피렐라, LF, 66, 139, 605, 605, 557, 66, 159, 28, 1, 16, 237, 80, 6, 4, 42, 4, 5, 69, 20, 0, 2, 0.285, 0.339, 0.425, 0.764, 0.014, 115.9, 0.70
SSG, 23, 추신수, DH, 65, 112, 462, 462, 382, 65, 97, 17, 1, 12, 152, 41, 6, 4, 65, 13, 1, 79, 8, 0, 2, 0.254, 0.379, 0.398, 0.777, 0.012, 113.9, 1.46
SSG, 23, 최지훈, CF, 65, 117, 503, 495, 462, 65, 124, 19, 8, 2, 165, 30, 21, 2, 29, 3, 0, 50, 3, 8, 1, 0.268, 0.315, 0.357, 0.672, -0.021, 86.8, 1.55
LG, 23, 오지환, SS, 65, 126, 502, 498, 422, 65, 113, 24, 3, 8, 167, 62, 16, 7, 64, 8, 0, 82, 4, 4, 4, 0.268, 0.371, 0.396, 0.767, 0.021, 121.4, 5.14
삼성, 23, 구자욱, RF, 65, 119, 515, 511, 453, 65, 152, 37, 1, 11, 224, 71, 12, 4, 53, 4, 2, 81, 5, 2, 3, 0.336, 0.407, 0.494, 0.901, 0.053, 148.9, 5.44
KIA, 27, 최형우, DH, 64, 121, 508, 508, 431, 64, 130, 27, 1, 17, 210, 81, 0, 0, 65, 8, 1, 83, 5, 0, 4, 0.302, 0.400, 0.487, 0.887, 0.057, 152.4, 3.93
삼성, 28, 류지혁, 3B, 63, 132, 522, 511, 455, 63, 122, 11, 1, 2, 141, 45, 26, 2, 46, 6, 1, 73, 12, 10, 5, 0.268, 0.340, 0.310, 0.650, -0.028, 81.1, 0.38
삼성, 29, 김현준, CF, 62, 109, 479, 471, 433, 62, 119, 10, 6, 3, 150, 46, 5, 5, 30, 5, 0, 84, 5, 8, 3, 0.275, 0.327, 0.346, 0.673, -0.018, 88.7, 1.24
KT, 29, 황재균, 3B, 62, 109, 457, 454, 407, 62, 120, 26, 2, 6, 168, 49, 3, 3, 45, 1, 1, 64, 15, 3, 1, 0.295, 0.366, 0.413, 0.779, 0.018, 119.1, 3.24
삼성, 31, 이재현, SS, 61, 143, 538, 522, 458, 61, 114, 19, 2, 12, 173, 60, 5, 4, 52, 6, 0, 89, 9, 16, 6, 0.249, 0.330, 0.378, 0.708, -0.017, 90.2, 2.98
삼성, 32, 강민호, C, 60, 125, 495, 492, 434, 60, 126, 19, 0, 16, 193, 77, 6, 1, 49, 6, 4, 65, 17, 1, 5, 0.290, 0.366, 0.445, 0.811, 0.013, 115.4, 2.61
삼성, 33, 김지찬, 2B, 59, 99, 355, 348, 291, 59, 85, 4, 2, 1, 96, 18, 13, 1, 48, 9, 0, 36, 1, 7, 0, 0.292, 0.408, 0.330, 0.738, 0.020, 120.5, 2.46
KT, 34, 김상수, SS, 58, 129, 512, 504, 443, 58, 120, 19, 1, 3, 150, 56, 5, 6, 55, 3, 0, 68, 9, 8, 3, 0.271, 0.353, 0.339, 0.692, -0.004, 100.7, 2.53
롯데, 35, 안치홍, 2B, 57, 121, 494, 487, 425, 57, 124, 20, 1, 8, 170, 63, 3, 3, 49, 10, 3, 53, 14, 5, 5, 0.292, 0.374, 0.400, 0.774, 0.011, 113.0, 1.99
한화, 35, 이진영, RF, 57, 121, 422, 418, 358, 57, 89, 22, 0, 10, 141, 50, 5, 0, 53, 2, 0, 127, 4, 4, 5, 0.249, 0.344, 0.394, 0.738, 0.016, 117.5, 3.60
두산, 37, 양의지, C, 56, 129, 510, 502, 439, 56, 134, 23, 0, 17, 208, 68, 8, 0, 57, 11, 8, 56, 20, 0, 3, 0.305, 0.396, 0.474, 0.870, 0.051, 146.4, 6.10
NC, 37, 김주원, SS, 56, 127, 474, 466, 403, 56, 94, 9, 2, 10, 137, 54, 15, 3, 44, 15, 1, 106, 6, 8, 4, 0.233, 0.328, 0.340, 0.668, -0.022, 85.4, 2.22
NC, 39, 마틴, CF, 55, 118, 503, 502, 435, 55, 123, 20, 2, 17, 198, 90, 15, 3, 57, 1, 2, 107, 8, 0, 10, 0.283, 0.360, 0.455, 0.815, 0.016, 117.8, 3.28
LG, 40, 박동원, C, 54, 130, 481, 471, 409, 54, 102, 17, 1, 20, 181, 75, 0, 1, 49, 7, 3, 90, 7, 8, 8, 0.249, 0.334, 0.443, 0.777, 0.020, 121.0, 2.92
KT, 41, 박병호, 1B, 53, 132, 493, 493, 431, 53, 122, 15, 0, 18, 191, 87, 2, 0, 46, 8, 2, 114, 9, 0, 8, 0.283, 0.357, 0.443, 0.800, 0.028, 127.7, 4.15
LG, 41, 김현수, DH, 53, 133, 556, 555, 488, 53, 143, 22, 2, 6, 187, 88, 2, 1, 58, 1, 4, 53, 10, 1, 8, 0.293, 0.364, 0.383, 0.747, 0.014, 115.6, 2.19
SSG, 41, 박성한, SS, 53, 128, 529, 521, 459, 53, 122, 19, 0, 9, 168, 47, 4, 1, 58, 1, 1, 56, 7, 7, 4, 0.266, 0.347, 0.366, 0.713, -0.005, 99.8, 4.36
롯데, 41, 김민석, CF, 53, 129, 454, 441, 400, 53, 102, 24, 0, 3, 135, 39, 16, 3, 31, 6, 1, 112, 6, 12, 5, 0.255, 0.314, 0.338, 0.652, -0.024, 83.9, -0.21
두산, 45, 로하스, LF, 52, 122, 464, 463, 403, 52, 102, 24, 4, 19, 191, 65, 0, 1, 55, 3, 2, 68, 5, 0, 3, 0.253, 0.345, 0.474, 0.819, 0.043, 140.5, 2.41
두산, 46, 강승호, 2B, 51, 127, 459, 455, 419, 51, 111, 18, 6, 7, 162, 59, 13, 6, 27, 6, 0, 110, 12, 4, 3, 0.265, 0.316, 0.387, 0.703, -0.007, 98.5, 1.98
KIA, 46, 나성범, RF, 51, 58, 253, 253, 222, 51, 81, 12, 1, 18, 149, 57, 0, 0, 26, 1, 0, 36, 1, 0, 4, 0.365, 0.427, 0.671, 1.098, 0.123, 208.2, 3.68
NC, 48, 서호철, 3B, 50, 114, 435, 429, 397, 50, 114, 17, 3, 5, 152, 41, 4, 5, 20, 8, 0, 51, 9, 6, 4, 0.287, 0.331, 0.383, 0.714, -0.005, 100.1, 2.85
한화, 48, 정은원, 2B, 50, 122, 459, 453, 388, 50, 86, 12, 0, 2, 104, 30, 6, 3, 62, 3, 1, 73, 4, 5, 1, 0.222, 0.333, 0.268, 0.601, -0.037, 72.8, 1.03
키움, 48, 이정후, CF, 50, 86, 387, 384, 330, 50, 105, 23, 2, 6, 150, 45, 6, 3, 49, 3, 7, 23, 1, 0, 5, 0.318, 0.406, 0.455, 0.861, 0.043, 140.5, 5.18
KT, 51, 배정대, CF, 48, 97, 361, 356, 311, 48, 86, 16, 0, 2, 108, 38, 13, 3, 38, 3, 1, 76, 2, 4, 5, 0.277, 0.356, 0.347, 0.703, -0.007, 98.6, 1.82
SSG, 51, 최주환, 2B, 48, 134, 478, 474, 426, 48, 100, 24, 0, 20, 184, 63, 0, 0, 44, 4, 4, 94, 6, 1, 3, 0.235, 0.310, 0.432, 0.742, -0.009, 96.2, 1.04
LG, 53, 신민재, 2B, 47, 122, 331, 314, 282, 47, 78, 5, 2, 0, 87, 28, 37, 17, 29, 1, 0, 34, 5, 17, 2, 0.277, 0.344, 0.309, 0.653, -0.018, 89.1, 1.43
한화, 53, 문현빈, CF, 47, 137, 481, 470, 428, 47, 114, 22, 2, 5, 155, 49, 5, 1, 33, 6, 2, 84, 7, 9, 5, 0.266, 0.324, 0.362, 0.686, -0.011, 94.5, 1.87
키움, 55, 김휘집, SS, 46, 110, 435, 429, 369, 46, 92, 22, 0, 8, 138, 51, 0, 0, 48, 5, 0, 97, 8, 6, 7, 0.249, 0.338, 0.374, 0.712, 0.000, 104.1, 1.12
롯데, 56, 윤동희, RF, 45, 107, 423, 421, 387, 45, 111, 18, 1, 2, 137, 41, 3, 6, 28, 1, 0, 69, 10, 2, 5, 0.287, 0.333, 0.354, 0.687, -0.014, 92.1, 0.88
롯데, 56, 유강남, C, 45, 121, 403, 401, 352, 45, 92, 13, 0, 10, 135, 55, 1, 1, 37, 8, 1, 64, 13, 2, 4, 0.261, 0.342, 0.384, 0.726, 0.002, 106.0, 4.09
두산, 58, 허경민, 3B, 44, 130, 475, 472, 429, 44, 115, 23, 1, 7, 161, 48, 9, 3, 35, 6, 3, 26, 6, 0, 5, 0.268, 0.328, 0.375, 0.703, -0.017, 89.7, 2.35
롯데, 59, 노진혁, SS, 43, 113, 390, 386, 334, 43, 86, 26, 1, 4, 126, 51, 7, 2, 45, 3, 1, 84, 3, 4, 4, 0.257, 0.347, 0.377, 0.724, -0.001, 103.4, 2.56
키움, 59, 송성문, 3B, 43, 104, 438, 431, 388, 43, 102, 16, 3, 5, 139, 60, 1, 0, 39, 0, 5, 38, 9, 4, 7, 0.263, 0.325, 0.358, 0.683, -0.013, 92.9, 1.95
롯데, 61, 안권수, LF, 42, 95, 309, 302, 268, 42, 72, 6, 1, 2, 86, 29, 16, 7, 30, 1, 1, 40, 4, 7, 3, 0.269, 0.341, 0.321, 0.662, -0.014, 92.1, 1.84
KIA, 62, 김선빈, 2B, 41, 119, 473, 465, 419, 41, 134, 16, 0, 0, 150, 48, 3, 1, 38, 5, 0, 26, 10, 8, 3, 0.320, 0.381, 0.358, 0.739, 0.012, 114.1, 2.69
NC, 62, 도태훈, 3B, 41, 117, 302, 294, 239, 41, 56, 6, 0, 5, 77, 23, 2, 1, 38, 17, 1, 48, 8, 7, 1, 0.234, 0.376, 0.322, 0.698, 0.014, 115.8, 2.38
두산, 62, 조수행, CF, 41, 126, 249, 245, 219, 41, 48, 2, 1, 1, 55, 17, 26, 6, 23, 2, 0, 38, 2, 4, 1, 0.219, 0.298, 0.251, 0.549, -0.052, 60.3, 0.49
삼성, 65, 김성윤, LF, 40, 101, 272, 268, 245, 40, 77, 4, 6, 2, 99, 28, 20, 4, 14, 4, 0, 35, 2, 4, 5, 0.314, 0.354, 0.404, 0.758, -0.001, 103.3, 2.23
롯데, 65, 정훈, 1B, 40, 80, 233, 228, 201, 40, 56, 14, 0, 6, 88, 31, 2, 0, 26, 0, 1, 39, 4, 4, 2, 0.279, 0.358, 0.438, 0.796, 0.012, 114.3, 0.22
두산, 65, 김재환, LF, 40, 132, 484, 481, 405, 40, 89, 15, 0, 10, 134, 46, 3, 1, 72, 5, 4, 100, 8, 0, 2, 0.220, 0.343, 0.331, 0.674, -0.012, 93.9, 0.48
KIA, 68, 이우성, RF, 39, 126, 400, 393, 355, 39, 107, 17, 0, 8, 148, 58, 8, 1, 31, 5, 4, 81, 10, 6, 3, 0.301, 0.363, 0.417, 0.780, 0.019, 120.1, 2.66
KIA, 69, 최원준, 1B, 37, 67, 274, 270, 239, 37, 61, 11, 2, 1, 79, 23, 13, 5, 31, 0, 0, 39, 5, 4, 0, 0.255, 0.341, 0.331, 0.672, -0.002, 102.0, 0.82
KT, 69, 장성우, C, 37, 131, 464, 460, 410, 37, 118, 22, 0, 11, 173, 65, 1, 1, 42, 2, 1, 70, 12, 3, 7, 0.288, 0.351, 0.422, 0.773, 0.006, 109.0, 3.43
키움, 69, 도슨, LF, 37, 57, 261, 261, 229, 37, 77, 14, 2, 3, 104, 29, 9, 2, 18, 9, 0, 41, 3, 0, 5, 0.336, 0.398, 0.454, 0.852, 0.053, 148.9, 1.75
롯데, 69, 박승욱, 2B, 37, 123, 338, 327, 290, 37, 83, 18, 3, 0, 107, 30, 15, 4, 35, 1, 0, 87, 5, 11, 1, 0.286, 0.364, 0.369, 0.733, 0.005, 108.0, 1.92
SSG, 69, 오태곤, LF, 37, 123, 305, 297, 272, 37, 65, 14, 1, 7, 102, 28, 20, 1, 18, 4, 0, 67, 6, 8, 3, 0.239, 0.293, 0.375, 0.668, -0.026, 82.4, 0.56
한화, 74, 이도윤, SS, 36, 106, 346, 331, 309, 36, 78, 13, 2, 1, 98, 13, 11, 3, 18, 4, 1, 55, 6, 15, 0, 0.252, 0.302, 0.317, 0.619, -0.038, 73.3, 2.27
KIA, 75, 이창진, LF, 35, 104, 284, 282, 244, 35, 66, 11, 3, 4, 95, 29, 9, 2, 34, 2, 1, 44, 6, 2, 2, 0.270, 0.362, 0.389, 0.751, 0.021, 122.2, 1.94
NC, 75, 박세혁, C, 35, 88, 283, 277, 242, 35, 51, 9, 3, 6, 84, 32, 1, 1, 30, 4, 0, 43, 3, 6, 1, 0.211, 0.307, 0.347, 0.654, -0.026, 82.4, 0.88
SSG, 75, 김성현, 2B, 35, 112, 354, 341, 310, 35, 83, 14, 0, 1, 100, 27, 4, 1, 29, 0, 1, 36, 6, 13, 2, 0.268, 0.328, 0.323, 0.651, -0.024, 84.1, 1.55
키움, 75, 이형종, RF, 35, 99, 374, 370, 316, 35, 68, 22, 1, 3, 101, 37, 0, 0, 39, 14, 2, 78, 11, 3, 2, 0.215, 0.326, 0.320, 0.646, -0.022, 85.5, -0.21
SSG, 75, 하재훈, LF, 35, 77, 229, 226, 201, 35, 61, 10, 1, 7, 94, 35, 11, 0, 19, 5, 1, 53, 0, 2, 2, 0.303, 0.374, 0.468, 0.842, 0.038, 135.7, 2.79
KIA, 75, 고종욱, LF, 35, 114, 286, 286, 270, 35, 80, 17, 0, 3, 106, 39, 2, 2, 14, 0, 0, 58, 3, 0, 2, 0.296, 0.329, 0.393, 0.722, 0.003, 106.5, 1.29
롯데, 75, 고승민, RF, 35, 94, 308, 301, 255, 35, 57, 14, 2, 2, 81, 24, 8, 3, 42, 1, 3, 64, 2, 6, 4, 0.224, 0.331, 0.318, 0.649, -0.025, 83.5, 0.27
한화, 82, 김인환, 1B, 34, 112, 365, 365, 325, 34, 73, 16, 0, 7, 110, 42, 1, 0, 35, 2, 2, 91, 4, 0, 3, 0.225, 0.301, 0.338, 0.639, -0.034, 74.9, 0.23
LG, 82, 김민성, 2B, 34, 112, 316, 307, 273, 34, 68, 11, 0, 8, 103, 41, 2, 1, 25, 7, 0, 58, 7, 9, 2, 0.249, 0.326, 0.377, 0.703, -0.016, 91.2, 1.92
NC, 84, 권희동, LF, 33, 96, 373, 369, 309, 33, 88, 16, 0, 7, 125, 63, 2, 0, 49, 6, 0, 50, 4, 4, 5, 0.285, 0.388, 0.405, 0.793, 0.030, 128.9, 2.18
두산, 85, 김재호, SS, 32, 91, 302, 287, 247, 32, 70, 13, 0, 3, 92, 29, 4, 0, 30, 8, 2, 24, 11, 15, 2, 0.283, 0.376, 0.372, 0.748, 0.028, 126.4, 3.30
KT, 85, 강백호, RF, 32, 71, 271, 269, 238, 32, 63, 10, 1, 8, 99, 39, 3, 0, 31, 0, 4, 55, 1, 0, 2, 0.265, 0.347, 0.416, 0.763, 0.003, 106.9, 0.98
키움, 85, 이주형, CF, 32, 69, 243, 239, 215, 32, 70, 13, 4, 6, 109, 36, 3, 1, 19, 5, 2, 53, 4, 2, 2, 0.326, 0.390, 0.507, 0.897, 0.064, 157.1, 2.55
두산, 88, 이유찬, 2B, 31, 104, 239, 234, 210, 31, 51, 7, 2, 1, 65, 16, 12, 5, 20, 3, 0, 51, 0, 5, 1, 0.243, 0.316, 0.310, 0.626, -0.029, 80.0, 1.43
삼성, 88, 오재일, 1B, 31, 106, 364, 364, 315, 31, 64, 15, 0, 11, 112, 54, 1, 0, 43, 3, 1, 110, 1, 0, 3, 0.203, 0.302, 0.356, 0.658, -0.038, 71.4, 0.99
KT, 90, 문상철, 1B, 30, 112, 330, 328, 304, 30, 79, 20, 0, 9, 126, 46, 3, 1, 16, 3, 1, 81, 4, 1, 6, 0.260, 0.298, 0.414, 0.712, -0.018, 89.1, 0.11
키움, 90, 임병욱, CF, 30, 80, 223, 222, 208, 30, 54, 11, 1, 6, 85, 36, 4, 0, 10, 1, 0, 75, 1, 1, 3, 0.260, 0.293, 0.409, 0.702, -0.024, 83.7, 0.44
삼성, 90, 강한울, 3B, 30, 72, 240, 234, 212, 30, 46, 7, 2, 0, 57, 10, 1, 3, 20, 0, 1, 54, 4, 6, 2, 0.217, 0.282, 0.269, 0.551, -0.066, 49.2, -0.16
롯데, 90, 한동희, 3B, 30, 108, 353, 351, 319, 30, 71, 11, 0, 5, 97, 32, 1, 3, 26, 1, 0, 58, 16, 2, 5, 0.223, 0.279, 0.304, 0.583, -0.060, 53.6, -2.48
SSG, 94, 한유섬, RF, 29, 109, 388, 386, 333, 29, 91, 15, 2, 7, 131, 55, 2, 1, 34, 12, 1, 81, 3, 2, 7, 0.273, 0.355, 0.393, 0.748, 0.002, 105.6, 0.35
KIA, 94, 김규성, 2B, 29, 99, 177, 172, 158, 29, 37, 6, 1, 2, 51, 11, 6, 2, 13, 1, 0, 43, 2, 5, 0, 0.234, 0.297, 0.323, 0.620, -0.031, 78.3, 0.86
한화, 94, 윌리엄스, LF, 29, 68, 273, 273, 258, 29, 63, 14, 0, 9, 104, 45, 1, 1, 8, 4, 0, 63, 6, 0, 3, 0.244, 0.275, 0.403, 0.678, -0.025, 82.6, -0.81
SSG, 97, 김민식, C, 28, 122, 318, 300, 266, 28, 58, 9, 1, 5, 84, 34, 0, 0, 31, 2, 1, 57, 6, 17, 2, 0.218, 0.302, 0.316, 0.618, -0.043, 69.4, 1.70
KT, 97, 이호연, 2B, 28, 85, 234, 233, 212, 28, 59, 5, 1, 3, 75, 17, 4, 2, 16, 4, 0, 41, 6, 1, 1, 0.278, 0.339, 0.354, 0.693, -0.020, 87.6, 1.14
NC, 97, 김성욱, RF, 28, 93, 204, 201, 179, 28, 40, 10, 0, 6, 68, 16, 6, 1, 16, 5, 0, 63, 7, 3, 1, 0.223, 0.303, 0.380, 0.683, -0.020, 87.1, 0.34
한화, 100, 김태연, RF, 25, 91, 280, 278, 245, 25, 64, 13, 0, 4, 89, 25, 5, 1, 27, 3, 1, 59, 3, 1, 4, 0.261, 0.337, 0.363, 0.700, -0.018, 89.3, 1.41
키움, 100, 김준완, LF, 25, 76, 225, 219, 189, 25, 42, 7, 0, 0, 49, 14, 0, 0, 26, 1, 0, 57, 2, 6, 3, 0.222, 0.315, 0.259, 0.574, -0.045, 66.6, -0.05
KIA, 102, 김태군, C, 24, 114, 346, 337, 311, 24, 80, 10, 1, 1, 95, 42, 2, 1, 15, 8, 1, 30, 17, 8, 4, 0.257, 0.305, 0.305, 0.610, -0.041, 69.9, 0.59
한화, 102, 장진혁, CF, 24, 68, 178, 178, 162, 24, 36, 5, 1, 0, 43, 12, 5, 4, 15, 0, 0, 41, 3, 0, 1, 0.222, 0.287, 0.265, 0.552, -0.058, 54.5, -0.44
KT, 102, 오윤석, 2B, 24, 82, 223, 216, 199, 24, 50, 13, 1, 4, 77, 17, 3, 1, 13, 5, 1, 44, 7, 6, 0, 0.251, 0.313, 0.387, 0.700, -0.015, 91.3, 0.76
키움, 105, 이지영, C, 23, 81, 237, 230, 217, 23, 54, 8, 1, 0, 64, 8, 1, 1, 12, 1, 0, 39, 2, 7, 0, 0.249, 0.291, 0.295, 0.586, -0.057, 57.2, 0.86
삼성, 105, 이성규, CF, 23, 109, 162, 158, 145, 23, 30, 10, 1, 1, 45, 18, 4, 3, 8, 3, 0, 42, 4, 4, 2, 0.207, 0.259, 0.310, 0.569, -0.068, 47.9, -0.03
한화, 105, 최인호, LF, 23, 41, 148, 146, 131, 23, 39, 5, 3, 2, 56, 11, 1, 0, 10, 4, 0, 22, 2, 2, 1, 0.298, 0.363, 0.427, 0.790, 0.024, 124.3, 1.49
KIA, 105, 변우혁, 1B, 23, 83, 226, 226, 200, 23, 45, 4, 0, 7, 70, 24, 0, 0, 23, 3, 1, 74, 4, 0, 0, 0.225, 0.314, 0.350, 0.664, -0.028, 80.0, -0.28
한화, 105, 최재훈, C, 23, 125, 417, 407, 327, 23, 81, 12, 0, 1, 96, 33, 1, 1, 56, 23, 1, 48, 9, 9, 2, 0.248, 0.392, 0.294, 0.686, 0.005, 107.9, 3.90
키움, 110, 김동헌, C, 22, 102, 242, 239, 211, 22, 51, 5, 2, 2, 66, 17, 0, 0, 17, 8, 0, 55, 7, 3, 3, 0.242, 0.318, 0.313, 0.631, -0.030, 79.0, 0.48
롯데, 110, 이학주, SS, 22, 104, 122, 122, 110, 22, 23, 2, 0, 3, 34, 13, 4, 1, 11, 1, 0, 31, 2, 0, 0, 0.209, 0.287, 0.309, 0.596, -0.033, 76.0, 0.00
롯데, 110, 황성빈, LF, 22, 74, 191, 183, 170, 22, 36, 5, 2, 0, 45, 8, 9, 5, 12, 1, 0, 27, 1, 8, 0, 0.212, 0.268, 0.265, 0.533, -0.085, 34.6, 0.40
키움, 110, 임지열, LF, 22, 72, 246, 244, 212, 22, 55, 8, 0, 5, 78, 35, 1, 0, 28, 3, 0, 64, 3, 2, 1, 0.259, 0.352, 0.368, 0.720, 0.002, 105.7, 0.45
키움, 110, 이원석, 1B, 22, 89, 345, 344, 305, 22, 75, 10, 0, 2, 91, 30, 0, 1, 34, 3, 1, 67, 9, 1, 2, 0.246, 0.326, 0.298, 0.624, -0.033, 75.9, -0.99
NC, 115, 오영수, 3B, 21, 70, 238, 232, 208, 21, 49, 9, 1, 4, 72, 24, 3, 3, 17, 5, 1, 55, 5, 5, 3, 0.236, 0.305, 0.346, 0.651, -0.036, 74.6, -0.04
SSG, 116, 김강민, CF, 20, 70, 166, 163, 137, 20, 31, 3, 0, 2, 40, 7, 2, 1, 23, 1, 1, 38, 2, 2, 3, 0.226, 0.335, 0.292, 0.627, -0.022, 85.8, 0.41
키움, 116, 러셀, SS, 20, 59, 239, 239, 220, 20, 63, 11, 1, 4, 88, 42, 1, 0, 17, 1, 1, 39, 5, 0, 1, 0.286, 0.339, 0.400, 0.739, 0.001, 104.6, 1.08
롯데, 116, 렉스, RF, 20, 55, 234, 233, 203, 20, 50, 4, 2, 4, 70, 30, 0, 1, 28, 1, 2, 54, 3, 0, 2, 0.246, 0.338, 0.345, 0.683, -0.018, 89.2, 0.17
KT, 116, 안치영, RF, 20, 76, 136, 133, 124, 20, 36, 3, 1, 0, 41, 9, 7, 1, 6, 2, 0, 35, 1, 3, 1, 0.290, 0.331, 0.331, 0.662, -0.022, 85.8, 0.32
삼성, 116, 김동엽, LF, 20, 69, 182, 182, 165, 20, 42, 7, 0, 5, 64, 18, 1, 1, 13, 2, 0, 29, 8, 0, 2, 0.255, 0.313, 0.388, 0.701, -0.014, 92.5, 0.03
KT, 116, 조용호, LF, 20, 63, 184, 184, 161, 20, 40, 2, 0, 0, 42, 7, 4, 0, 23, 0, 0, 25, 3, 0, 0, 0.248, 0.342, 0.261, 0.603, -0.031, 77.7, 0.03
한화, 116, 이원석, CF, 20, 81, 138, 138, 116, 20, 22, 1, 1, 0, 25, 8, 13, 3, 21, 1, 0, 33, 3, 0, 0, 0.190, 0.319, 0.216, 0.535, -0.038, 71.7, 0.25
KIA, 123, 황대인, 1B, 19, 60, 199, 198, 174, 19, 37, 4, 0, 5, 56, 26, 0, 0, 18, 4, 2, 50, 6, 0, 3, 0.213, 0.296, 0.322, 0.618, -0.052, 60.4, -0.22
키움, 123, 이용규, LF, 19, 50, 178, 176, 154, 19, 36, 0, 3, 0, 42, 11, 2, 1, 19, 1, 0, 22, 3, 2, 2, 0.234, 0.318, 0.273, 0.591, -0.053, 59.6, -0.43
두산, 125, 박계범, SS, 18, 78, 194, 189, 169, 18, 37, 6, 0, 2, 49, 15, 2, 2, 15, 2, 1, 44, 4, 5, 3, 0.219, 0.286, 0.290, 0.576, -0.059, 54.8, -0.06
롯데, 126, 이정훈, LF, 17, 59, 171, 171, 152, 17, 45, 7, 0, 1, 55, 17, 1, 1, 13, 3, 0, 28, 1, 0, 3, 0.296, 0.357, 0.362, 0.719, 0.003, 107.0, 0.49
한화, 126, 오선진, 3B, 17, 90, 199, 196, 165, 17, 38, 6, 0, 0, 44, 14, 2, 0, 24, 5, 0, 34, 7, 3, 2, 0.230, 0.342, 0.267, 0.609, -0.025, 83.4, 0.02
NC, 126, 윤형준, 1B, 17, 82, 236, 234, 218, 17, 55, 12, 1, 5, 84, 27, 1, 1, 10, 3, 0, 58, 6, 2, 3, 0.252, 0.291, 0.385, 0.676, -0.034, 75.7, 0.40
KIA, 126, 최정용, 2B, 17, 56, 41, 38, 36, 17, 6, 1, 0, 0, 7, 1, 4, 0, 2, 0, 0, 9, 0, 3, 0, 0.167, 0.211, 0.194, 0.405, -0.090, 32.9, 0.34
LG, 126, 정주현, 2B, 17, 89, 101, 98, 88, 17, 24, 2, 0, 1, 29, 12, 1, 5, 9, 0, 0, 16, 1, 2, 1, 0.273, 0.337, 0.330, 0.667, -0.009, 96.9, -0.81
키움, 126, 김태진, 3B, 17, 74, 212, 209, 200, 17, 55, 5, 0, 0, 60, 16, 0, 0, 5, 1, 0, 23, 1, 3, 3, 0.275, 0.292, 0.300, 0.592, -0.036, 73.7, 0.04
두산, 132, 박준영, SS, 16, 51, 138, 137, 127, 16, 29, 8, 2, 4, 53, 17, 2, 1, 9, 2, 1, 53, 0, 0, 0, 0.228, 0.290, 0.417, 0.707, -0.001, 103.1, 1.88
KIA, 132, 김호령, CF, 16, 76, 107, 104, 95, 16, 17, 7, 0, 0, 24, 6, 1, 0, 8, 1, 0, 38, 1, 3, 0, 0.179, 0.250, 0.253, 0.503, -0.091, 29.3, 0.90
롯데, 132, 구드럼, 3B, 16, 50, 201, 201, 173, 16, 51, 14, 1, 0, 67, 28, 0, 0, 23, 1, 1, 46, 6, 0, 4, 0.295, 0.373, 0.387, 0.760, 0.008, 110.8, 0.14
KT, 135, 이상호, 2B, 15, 63, 60, 56, 54, 15, 8, 1, 0, 0, 9, 5, 2, 0, 2, 0, 0, 9, 2, 4, 0, 0.148, 0.179, 0.167, 0.346, -0.087, 34.6, -0.17
KT, 135, 홍현빈, CF, 15, 44, 86, 86, 73, 15, 17, 2, 0, 0, 19, 1, 2, 0, 13, 0, 0, 21, 2, 0, 0, 0.233, 0.349, 0.260, 0.609, -0.032, 77.3, 0.18
LG, 135, 이재원, RF, 15, 57, 129, 128, 112, 15, 24, 5, 0, 4, 41, 18, 4, 2, 12, 2, 2, 40, 1, 0, 3, 0.214, 0.295, 0.366, 0.661, -0.029, 79.9, 0.15
두산, 135, 양찬열, LF, 15, 44, 99, 99, 88, 15, 21, 2, 2, 0, 27, 6, 3, 2, 9, 1, 0, 23, 1, 0, 1, 0.239, 0.313, 0.307, 0.620, -0.039, 71.0, 0.25
NC, 135, 안중열, C, 15, 77, 177, 174, 154, 15, 30, 6, 0, 4, 48, 17, 0, 0, 16, 2, 0, 45, 6, 3, 2, 0.195, 0.276, 0.312, 0.588, -0.048, 63.8, -0.83
삼성, 140, 김동진, 2B, 14, 44, 137, 134, 122, 14, 32, 7, 0, 0, 39, 8, 3, 0, 9, 1, 0, 26, 4, 3, 2, 0.262, 0.313, 0.320, 0.633, -0.027, 81.7, 1.04
LG, 140, 서건창, 2B, 14, 44, 126, 123, 110, 14, 22, 5, 2, 0, 31, 12, 3, 3, 10, 0, 0, 14, 5, 3, 3, 0.200, 0.260, 0.282, 0.542, -0.053, 59.9, -0.53
한화, 142, 박상언, C, 13, 86, 161, 158, 145, 13, 29, 5, 1, 1, 39, 13, 1, 2, 10, 1, 0, 38, 6, 3, 2, 0.200, 0.253, 0.269, 0.522, -0.083, 35.2, -0.30
키움, 142, 박찬혁, LF, 13, 48, 167, 167, 154, 13, 31, 7, 0, 1, 41, 8, 0, 0, 10, 3, 0, 41, 1, 0, 0, 0.201, 0.263, 0.266, 0.529, -0.062, 51.1, -0.45
롯데, 142, 손성빈, C, 13, 45, 80, 78, 76, 13, 20, 3, 0, 1, 26, 15, 0, 0, 2, 0, 0, 10, 3, 2, 0, 0.263, 0.282, 0.342, 0.624, -0.043, 68.7, 0.49
KT, 145, 박경수, 2B, 12, 107, 221, 216, 185, 12, 37, 13, 0, 1, 53, 12, 0, 0, 30, 1, 1, 46, 2, 5, 0, 0.200, 0.315, 0.286, 0.601, -0.042, 69.4, 0.38
삼성, 145, 안주형, 2B, 12, 53, 91, 90, 79, 12, 19, 2, 0, 1, 24, 10, 0, 0, 10, 0, 0, 20, 3, 1, 1, 0.241, 0.322, 0.304, 0.626, -0.039, 71.1, -0.36
한화, 145, 박정현, SS, 12, 53, 113, 110, 105, 12, 19, 6, 0, 2, 31, 4, 0, 0, 3, 2, 0, 36, 2, 3, 0, 0.181, 0.218, 0.295, 0.513, -0.086, 33.3, -0.33
NC, 145, 최정원, 2B, 12, 39, 56, 54, 50, 12, 13, 3, 2, 0, 20, 5, 4, 1, 1, 3, 0, 13, 1, 2, 0, 0.260, 0.315, 0.400, 0.715, 0.000, 103.6, 0.47
NC, 145, 천재환, CF, 12, 78, 179, 177, 163, 12, 39, 7, 1, 2, 54, 17, 2, 3, 8, 4, 0, 44, 5, 2, 2, 0.239, 0.288, 0.331, 0.619, -0.042, 69.1, 0.31
KT, 150, 강현우, C, 11, 53, 111, 110, 103, 11, 20, 6, 0, 1, 29, 11, 0, 1, 6, 1, 0, 17, 3, 1, 0, 0.194, 0.245, 0.282, 0.527, -0.067, 47.6, -0.07
NC, 150, 박영빈, CF, 11, 41, 17, 15, 14, 11, 1, 1, 0, 0, 2, 0, 4, 2, 1, 0, 0, 6, 0, 2, 0, 0.071, 0.133, 0.143, 0.276, -0.121, 12.7, 0.13
롯데, 150, 정보근, C, 11, 55, 101, 97, 81, 11, 27, 6, 1, 1, 38, 13, 1, 0, 14, 1, 0, 13, 1, 4, 1, 0.333, 0.433, 0.469, 0.902, 0.066, 157.4, 1.86
한화, 150, 권광민, LF, 11, 66, 81, 80, 73, 11, 11, 1, 1, 2, 20, 9, 2, 0, 6, 1, 0, 24, 2, 1, 0, 0.151, 0.225, 0.274, 0.499, -0.103, 17.4, -1.03
SSG, 150, 전의산, 1B, 11, 56, 153, 153, 134, 11, 27, 6, 0, 4, 45, 21, 0, 2, 15, 3, 0, 40, 1, 0, 1, 0.201, 0.294, 0.336, 0.630, -0.043, 67.4, -0.22
두산, 150, 장승현, C, 11, 76, 158, 153, 139, 11, 22, 1, 0, 3, 32, 9, 1, 0, 6, 8, 0, 36, 2, 5, 0, 0.158, 0.235, 0.230, 0.465, -0.107, 16.1, -0.93
삼성, 150, 김영웅, 3B, 11, 55, 103, 100, 91, 11, 17, 6, 0, 2, 29, 12, 1, 0, 8, 0, 0, 28, 2, 3, 1, 0.187, 0.250, 0.319, 0.569, -0.068, 47.8, 0.21
KT, 157, 김준태, C, 10, 69, 136, 135, 115, 10, 24, 4, 0, 3, 37, 23, 1, 0, 19, 1, 0, 32, 3, 1, 0, 0.209, 0.326, 0.322, 0.648, -0.007, 98.4, 0.72
KT, 157, 장준원, 3B, 10, 69, 104, 101, 87, 10, 15, 2, 1, 1, 22, 10, 3, 0, 12, 1, 0, 25, 1, 3, 1, 0.172, 0.277, 0.253, 0.530, -0.080, 38.4, 0.16
두산, 157, 김대한, CF, 10, 33, 89, 89, 81, 10, 16, 3, 1, 1, 24, 7, 1, 3, 7, 1, 0, 21, 0, 0, 0, 0.198, 0.270, 0.296, 0.566, -0.058, 55.1, -0.94
LG, 157, 최승민, LF, 10, 38, 15, 15, 14, 10, 1, 0, 0, 0, 1, 1, 8, 3, 1, 0, 0, 4, 1, 0, 0, 0.071, 0.133, 0.071, 0.204, -0.152, -25.2, -0.12
NC, 157, 김형준, C, 10, 26, 82, 81, 72, 10, 17, 2, 0, 6, 37, 13, 0, 0, 8, 1, 0, 24, 3, 1, 0, 0.236, 0.321, 0.514, 0.835, -0.001, 103.5, 0.90
SSG, 157, 안상현, 2B, 10, 58, 66, 63, 58, 10, 14, 3, 0, 0, 17, 2, 3, 1, 5, 0, 0, 15, 1, 3, 0, 0.241, 0.302, 0.293, 0.595, -0.049, 63.9, -0.04
KIA, 157, 홍종표, 2B, 10, 40, 12, 11, 7, 10, 0, 0, 0, 0, 0, 0, 0, 0, 3, 1, 0, 1, 0, 1, 0, 0.000, 0.364, 0.000, 0.364, -0.061, 56.0, 0.12
SSG, 157, 강진성, RF, 10, 58, 145, 144, 134, 10, 35, 6, 1, 3, 52, 17, 0, 0, 6, 3, 0, 20, 2, 1, 1, 0.261, 0.306, 0.388, 0.694, -0.029, 79.7, 0.20
두산, 157, 송승환, LF, 10, 30, 76, 74, 70, 10, 16, 3, 1, 0, 21, 4, 0, 1, 4, 0, 0, 16, 2, 2, 0, 0.229, 0.270, 0.300, 0.570, -0.035, 75.4, 0.22
SSG, 166, 조형우, C, 9, 62, 133, 129, 119, 9, 22, 4, 1, 2, 34, 12, 0, 0, 8, 1, 0, 25, 2, 4, 1, 0.185, 0.240, 0.286, 0.526, -0.073, 44.1, 0.04
NC, 166, 박석민, 3B, 9, 30, 107, 106, 88, 9, 17, 1, 0, 1, 21, 8, 0, 0, 14, 3, 0, 22, 4, 1, 1, 0.193, 0.321, 0.239, 0.560, -0.057, 55.9, -0.83
KIA, 166, 한준수, C, 9, 48, 94, 93, 86, 9, 22, 4, 0, 2, 32, 12, 0, 0, 7, 0, 0, 26, 2, 1, 0, 0.256, 0.312, 0.372, 0.684, -0.034, 75.7, 0.63
두산, 166, 김태근, LF, 9, 41, 55, 53, 52, 9, 11, 3, 0, 0, 14, 3, 0, 3, 0, 1, 0, 21, 0, 2, 0, 0.212, 0.226, 0.269, 0.495, -0.101, 21.7, -0.74
NC, 170, 김한별, SS, 8, 79, 105, 103, 97, 8, 21, 0, 1, 0, 23, 4, 0, 3, 4, 2, 0, 23, 6, 2, 0, 0.216, 0.262, 0.237, 0.499, -0.085, 33.5, -0.51
두산, 170, 안재석, 2B, 8, 27, 68, 68, 64, 8, 12, 2, 1, 1, 19, 5, 2, 0, 3, 0, 0, 12, 0, 0, 1, 0.188, 0.221, 0.297, 0.518, -0.072, 42.9, 0.25
LG, 170, 허도환, C, 8, 47, 81, 74, 64, 8, 9, 3, 0, 2, 18, 10, 0, 0, 3, 6, 0, 20, 3, 7, 1, 0.141, 0.243, 0.281, 0.524, -0.081, 40.7, -0.58
LG, 170, 손호영, 3B, 8, 27, 45, 45, 44, 8, 9, 0, 0, 1, 12, 6, 2, 1, 1, 0, 0, 12, 5, 0, 0, 0.205, 0.222, 0.273, 0.495, -0.098, 21.0, -0.53
키움, 170, 김수환, 1B, 8, 50, 114, 113, 97, 8, 21, 4, 0, 2, 31, 15, 0, 0, 11, 4, 0, 36, 1, 1, 1, 0.216, 0.319, 0.320, 0.639, -0.038, 72.1, -0.13
두산, 170, 김인태, LF, 8, 47, 115, 114, 98, 8, 25, 5, 0, 1, 33, 14, 2, 1, 15, 1, 0, 26, 1, 1, 0, 0.255, 0.360, 0.337, 0.697, -0.006, 99.2, 0.38
KT, 170, 신본기, SS, 8, 40, 75, 74, 54, 8, 11, 2, 0, 1, 16, 7, 0, 1, 14, 2, 0, 8, 3, 1, 4, 0.204, 0.365, 0.296, 0.661, -0.020, 87.0, 0.15
키움, 177, 박수종, CF, 7, 23, 50, 50, 45, 7, 19, 1, 2, 0, 24, 3, 0, 0, 3, 1, 0, 6, 1, 0, 1, 0.422, 0.460, 0.533, 0.993, 0.118, 204.5, 1.45
롯데, 177, 장두성, RF, 7, 25, 15, 14, 13, 7, 2, 0, 0, 0, 2, 1, 2, 0, 1, 0, 0, 3, 1, 1, 0, 0.154, 0.214, 0.154, 0.368, -0.150, -15.1, 0.15
삼성, 177, 김재성, C, 7, 57, 125, 123, 99, 7, 19, 3, 0, 1, 25, 7, 0, 1, 19, 5, 1, 31, 4, 2, 0, 0.192, 0.350, 0.253, 0.603, -0.027, 81.6, 0.27
KIA, 177, 신범수, C, 7, 36, 100, 98, 88, 7, 15, 3, 0, 2, 24, 10, 0, 0, 7, 2, 0, 19, 3, 2, 1, 0.170, 0.245, 0.273, 0.518, -0.085, 33.2, -0.32
키움, 177, 주성원, RF, 7, 25, 72, 71, 69, 7, 15, 2, 1, 0, 19, 2, 0, 0, 1, 0, 0, 18, 1, 1, 1, 0.217, 0.225, 0.275, 0.500, -0.105, 15.8, -0.47
KT, 182, 류현인, SS, 6, 17, 24, 24, 23, 6, 3, 0, 0, 0, 3, 3, 0, 0, 1, 0, 0, 4, 0, 0, 0, 0.130, 0.167, 0.130, 0.297, -0.177, -46.3, -0.43
SSG, 182, 최경모, 2B, 6, 28, 20, 20, 20, 6, 3, 0, 0, 0, 3, 1, 2, 0, 0, 0, 0, 5, 0, 0, 0, 0.150, 0.150, 0.150, 0.300, -0.177, -46.4, -0.45
삼성, 182, 김호재, 3B, 6, 75, 127, 122, 116, 6, 25, 7, 0, 0, 32, 9, 2, 0, 6, 0, 0, 17, 4, 5, 0, 0.216, 0.254, 0.276, 0.530, -0.066, 49.8, -0.20
SSG, 182, 김찬형, SS, 6, 36, 53, 51, 48, 6, 11, 3, 0, 1, 17, 5, 0, 0, 2, 1, 0, 10, 1, 2, 0, 0.229, 0.275, 0.354, 0.629, -0.039, 71.9, 0.00
KT, 182, 정준영, LF, 6, 34, 55, 51, 48, 6, 14, 2, 0, 0, 16, 6, 0, 0, 3, 0, 0, 11, 1, 4, 0, 0.292, 0.333, 0.333, 0.666, -0.043, 69.8, 0.38
한화, 182, 노수광, LF, 6, 30, 94, 92, 77, 6, 17, 5, 0, 0, 22, 4, 2, 1, 13, 0, 0, 27, 3, 2, 2, 0.221, 0.326, 0.286, 0.612, -0.043, 68.1, -0.12
KT, 182, 송민섭, RF, 6, 69, 25, 25, 23, 6, 3, 0, 0, 0, 3, 0, 3, 1, 1, 1, 0, 8, 0, 0, 0, 0.130, 0.200, 0.130, 0.330, -0.120, 2.4, 0.42
NC, 182, 박대온, C, 6, 25, 33, 33, 28, 6, 8, 3, 0, 0, 11, 3, 0, 0, 3, 1, 0, 8, 0, 0, 1, 0.286, 0.364, 0.393, 0.757, 0.012, 114.1, 0.14
키움, 182, 김시앙, C, 6, 33, 82, 82, 76, 6, 17, 1, 0, 0, 18, 7, 0, 0, 3, 3, 0, 18, 4, 0, 0, 0.224, 0.280, 0.237, 0.517, -0.082, 34.8, -0.37
두산, 182, 홍성호, RF, 6, 21, 51, 51, 48, 6, 14, 4, 0, 0, 18, 5, 0, 1, 2, 1, 0, 14, 0, 0, 0, 0.292, 0.333, 0.375, 0.708, -0.017, 90.0, -0.26
키움, 182, 전병우, 3B, 6, 41, 75, 73, 62, 6, 9, 3, 0, 1, 15, 6, 0, 0, 10, 1, 0, 28, 0, 2, 0, 0.145, 0.274, 0.242, 0.516, -0.050, 62.1, -0.05
KIA, 182, 한승택, C, 6, 49, 104, 98, 85, 6, 11, 2, 0, 0, 13, 3, 0, 0, 11, 2, 0, 32, 1, 6, 0, 0.129, 0.245, 0.153, 0.398, -0.099, 24.9, -0.45
NC, 194, 한석현, LF, 5, 27, 66, 64, 60, 5, 12, 1, 0, 0, 13, 2, 2, 1, 4, 0, 0, 20, 2, 2, 0, 0.200, 0.250, 0.217, 0.467, -0.107, 15.8, -0.18
키움, 194, 박주홍, LF, 5, 27, 57, 56, 49, 5, 6, 0, 1, 0, 8, 2, 1, 0, 5, 0, 0, 26, 0, 1, 2, 0.122, 0.196, 0.163, 0.359, -0.146, -17.6, -0.71
롯데, 194, 정대선, 2B, 5, 19, 47, 46, 40, 5, 6, 1, 0, 0, 7, 6, 0, 0, 2, 2, 0, 8, 0, 1, 2, 0.150, 0.217, 0.175, 0.392, -0.113, 9.9, -0.38
SSG, 194, 최준우, 2B, 5, 38, 69, 69, 60, 5, 16, 1, 0, 0, 17, 6, 0, 1, 8, 0, 0, 10, 3, 0, 1, 0.267, 0.348, 0.283, 0.631, -0.010, 95.7, 0.64
키움, 194, 김주형, SS, 5, 46, 81, 78, 68, 5, 10, 2, 0, 0, 12, 4, 0, 0, 9, 1, 0, 27, 2, 3, 0, 0.147, 0.256, 0.176, 0.432, -0.109, 14.7, -0.73
삼성, 194, 윤정빈, RF, 5, 28, 43, 43, 34, 5, 5, 0, 0, 1, 8, 3, 1, 0, 7, 2, 0, 12, 1, 0, 0, 0.147, 0.326, 0.235, 0.561, -0.053, 58.8, -0.12
삼성, 194, 류승민, LF, 5, 24, 57, 55, 52, 5, 11, 3, 0, 0, 14, 5, 0, 0, 2, 1, 0, 19, 0, 2, 0, 0.212, 0.255, 0.269, 0.524, -0.071, 45.8, -0.41
SSG, 194, 최상민, CF, 5, 51, 41, 39, 34, 5, 8, 0, 0, 0, 8, 3, 2, 2, 4, 0, 0, 7, 0, 2, 1, 0.235, 0.308, 0.235, 0.543, -0.053, 60.1, 0.34
한화, 194, 유로결, LF, 5, 27, 53, 52, 48, 5, 7, 1, 0, 0, 8, 5, 1, 0, 1, 1, 0, 10, 3, 1, 2, 0.146, 0.173, 0.167, 0.340, -0.112, 10.9, -0.45
KT, 203, 이시원, CF, 4, 29, 32, 31, 29, 4, 4, 0, 0, 0, 4, 1, 0, 1, 2, 0, 0, 6, 0, 1, 0, 0.138, 0.194, 0.138, 0.332, -0.161, -28.8, -0.27
한화, 203, 하주석, SS, 4, 25, 38, 38, 35, 4, 4, 1, 0, 0, 5, 2, 0, 0, 2, 1, 0, 10, 0, 0, 0, 0.114, 0.184, 0.143, 0.327, -0.156, -28.5, -0.58
NC, 203, 오태양, SS, 4, 21, 3, 3, 3, 4, 0, 0, 0, 0, 0, 0, 3, 3, 0, 0, 0, 3, 0, 0, 0, 0.000, 0.000, 0.000, 0.000, -0.302, -152.3, -0.40
롯데, 203, 김민수, 3B, 4, 25, 51, 50, 43, 4, 9, 1, 1, 0, 12, 2, 0, 0, 7, 0, 0, 17, 2, 1, 0, 0.209, 0.320, 0.279, 0.599, -0.050, 62.2, -0.23
키움, 203, 신준우, 2B, 4, 24, 19, 19, 18, 4, 2, 0, 0, 0, 2, 0, 0, 0, 0, 1, 0, 5, 0, 0, 0, 0.111, 0.158, 0.111, 0.269, -0.183, -51.5, -0.40
롯데, 208, 김동혁, LF, 3, 15, 9, 9, 7, 3, 0, 0, 0, 0, 0, 0, 1, 0, 2, 0, 0, 3, 0, 0, 0, 0.000, 0.222, 0.000, 0.222, -0.158, -30.3, 0.03
NC, 208, 박한결, LF, 3, 12, 18, 18, 15, 3, 5, 1, 0, 1, 9, 5, 0, 0, 3, 0, 0, 7, 0, 0, 0, 0.333, 0.444, 0.600, 1.044, 0.088, 178.4, 0.29
키움, 208, 이병규, LF, 3, 7, 17, 17, 17, 3, 4, 0, 0, 0, 4, 2, 0, 0, 0, 0, 0, 4, 0, 0, 0, 0.235, 0.235, 0.235, 0.470, -0.113, 8.0, -0.04
삼성, 208, 김상민, LF, 3, 8, 13, 13, 12, 3, 1, 0, 0, 0, 1, 0, 0, 0, 1, 0, 0, 3, 0, 0, 0, 0.083, 0.154, 0.083, 0.237, -0.191, -58.0, -0.39
SSG, 208, 최항, 2B, 3, 21, 35, 34, 28, 3, 8, 1, 0, 1, 12, 6, 0, 0, 5, 0, 0, 12, 1, 1, 1, 0.286, 0.382, 0.429, 0.811, 0.041, 137.9, -0.19
두산, 208, 박유연, C, 3, 10, 16, 15, 15, 3, 4, 2, 0, 0, 6, 1, 0, 0, 0, 0, 0, 4, 0, 1, 0, 0.267, 0.267, 0.400, 0.667, -0.034, 76.7, -0.06
LG, 208, 김범석, C, 3, 10, 29, 29, 27, 3, 3, 1, 0, 1, 7, 4, 0, 0, 1, 0, 0, 5, 1, 0, 1, 0.111, 0.138, 0.259, 0.397, -0.106, 14.5, -0.37
LG, 208, 김기연, C, 3, 28, 40, 39, 34, 3, 4, 0, 0, 0, 4, 2, 1, 0, 5, 0, 0, 10, 0, 1, 0, 0.118, 0.231, 0.118, 0.349, -0.093, 27.4, -0.73
SSG, 208, 이재원, C, 3, 27, 48, 47, 44, 3, 4, 1, 0, 0, 5, 2, 0, 0, 2, 0, 0, 8, 4, 1, 1, 0.091, 0.128, 0.114, 0.242, -0.198, -60.3, -0.81
삼성, 208, 이병헌, C, 3, 23, 33, 32, 28, 3, 4, 0, 0, 0, 4, 2, 0, 0, 3, 0, 0, 11, 0, 1, 1, 0.143, 0.219, 0.143, 0.362, -0.117, 7.7, -0.31
두산, 208, 전민재, 2B, 3, 19, 18, 17, 17, 3, 4, 2, 0, 0, 6, 1, 0, 3, 0, 0, 0, 3, 2, 1, 0, 0.235, 0.235, 0.353, 0.588, -0.074, 44.8, -0.32
한화, 208, 오그레디, LF, 3, 22, 86, 86, 80, 3, 10, 3, 0, 0, 13, 8, 1, 0, 5, 0, 0, 40, 0, 0, 1, 0.125, 0.174, 0.163, 0.337, -0.156, -28.6, -0.87
SSG, 220, 이정범, LF, 2, 15, 33, 33, 29, 2, 5, 0, 0, 0, 5, 4, 0, 0, 2, 0, 0, 6, 1, 0, 2, 0.172, 0.212, 0.172, 0.384, -0.115, 6.1, -0.34
LG, 220, 송찬의, RF, 2, 19, 22, 22, 18, 2, 1, 1, 0, 0, 2, 1, 1, 0, 4, 0, 0, 6, 0, 0, 0, 0.056, 0.227, 0.111, 0.338, -0.133, -8.6, -0.32
KT, 220, 강민성, 2B, 2, 12, 27, 26, 22, 2, 4, 1, 0, 0, 5, 0, 0, 0, 4, 0, 0, 10, 0, 1, 0, 0.182, 0.308, 0.227, 0.535, -0.059, 55.8, 0.26
KT, 220, 손민석, SS, 2, 9, 12, 12, 10, 2, 1, 0, 0, 0, 1, 1, 0, 0, 1, 1, 0, 3, 0, 0, 0, 0.100, 0.250, 0.100, 0.350, -0.127, -3.9, -0.04
NC, 220, 오장한, RF, 2, 3, 8, 8, 7, 2, 1, 0, 0, 0, 1, 0, 0, 0, 1, 0, 0, 5, 0, 0, 0, 0.143, 0.250, 0.143, 0.393, -0.117, 4.9, -0.01
롯데, 220, 신윤후, CF, 2, 28, 27, 27, 25, 2, 1, 0, 0, 0, 1, 1, 1, 0, 0, 2, 0, 8, 0, 0, 0, 0.040, 0.111, 0.040, 0.151, -0.194, -60.3, -0.35
키움, 220, 김웅빈, 1B, 2, 29, 74, 74, 64, 2, 12, 3, 0, 0, 15, 9, 0, 0, 6, 2, 0, 20, 1, 0, 2, 0.188, 0.270, 0.234, 0.504, -0.070, 44.5, -0.64
롯데, 220, 배영빈, 2B, 2, 18, 18, 17, 16, 2, 5, 2, 0, 0, 7, 0, 1, 0, 1, 0, 0, 2, 0, 1, 0, 0.313, 0.353, 0.438, 0.791, 0.014, 115.7, 0.26
KIA, 220, 오선우, RF, 2, 33, 31, 31, 28, 2, 5, 0, 0, 2, 11, 5, 0, 0, 3, 0, 0, 15, 0, 0, 0, 0.179, 0.258, 0.393, 0.651, -0.080, 36.6, -0.22
두산, 220, 박지훈, 2B, 2, 22, 21, 21, 19, 2, 4, 1, 0, 0, 5, 2, 1, 0, 2, 0, 0, 7, 0, 0, 0, 0.211, 0.286, 0.263, 0.549, -0.068, 46.5, -0.17
한화, 220, 이성곤, 1B, 2, 8, 16, 15, 14, 2, 2, 0, 0, 0, 2, 0, 0, 0, 1, 0, 0, 3, 0, 1, 0, 0.143, 0.200, 0.143, 0.343, -0.151, -16.5, -0.20
두산, 220, 김민혁, 1B, 2, 21, 36, 36, 29, 2, 4, 1, 0, 0, 5, 3, 0, 0, 4, 1, 0, 9, 3, 0, 2, 0.138, 0.250, 0.172, 0.422, -0.086, 31.4, -0.14
롯데, 220, 서동욱, C, 2, 13, 20, 20, 17, 2, 2, 1, 0, 0, 3, 0, 0, 0, 3, 0, 0, 5, 1, 0, 0, 0.118, 0.250, 0.176, 0.426, -0.098, 20.8, -0.12
키움, 220, 예진원, CF, 2, 16, 36, 34, 34, 2, 8, 1, 0, 1, 12, 4, 0, 0, 0, 0, 0, 7, 0, 2, 0, 0.235, 0.235, 0.353, 0.588, -0.058, 57.3, -0.42
KIA, 220, 박정우, CF, 2, 21, 12, 9, 9, 2, 3, 0, 0, 0, 3, 0, 0, 0, 0, 0, 0, 1, 0, 3, 0, 0.333, 0.333, 0.333, 0.666, -0.032, 81.4, 0.25
두산, 220, 서예일, SS, 2, 5, 10, 10, 9, 2, 2, 0, 0, 0, 2, 1, 0, 0, 0, 0, 0, 2, 0, 0, 1, 0.222, 0.200, 0.222, 0.422, -0.127, -3.6, -0.09
삼성, 220, 강준서, 2B, 2, 10, 15, 15, 14, 2, 3, 1, 0, 0, 4, 0, 0, 1, 1, 0, 0, 2, 0, 0, 0, 0.214, 0.267, 0.286, 0.553, -0.077, 38.9, -0.07
KIA, 220, 주효상, C, 2, 19, 36, 34, 32, 2, 2, 0, 0, 0, 2, 1, 0, 0, 2, 0, 0, 10, 1, 2, 0, 0.063, 0.118, 0.063, 0.181, -0.187, -45.7, -0.40
NC, 220, 최보성, 3B, 2, 12, 21, 21, 19, 2, 5, 0, 0, 0, 5, 0, 0, 0, 2, 0, 0, 2, 1, 0, 0, 0.263, 0.333, 0.263, 0.596, -0.043, 68.0, -0.15
한화, 220, 이명기, LF, 2, 14, 42, 42, 40, 2, 7, 1, 0, 0, 8, 5, 1, 0, 2, 0, 0, 9, 0, 0, 0, 0.175, 0.214, 0.200, 0.414, -0.113, 8.6, -0.29
KIA, 240, 김석환, 1B, 1, 12, 26, 25, 23, 1, 3, 1, 0, 0, 4, 3, 0, 0, 2, 0, 0, 9, 1, 1, 0, 0.130, 0.200, 0.174, 0.374, -0.139, -9.7, -0.40
한화, 240, 이재용, C, 1, 2, 2, 2, 2, 1, 1, 0, 0, 0, 1, 0, 0, 0, 0, 0, 0, 1, 0, 0, 0, 0.500, 0.500, 0.500, 1.000, 0.091, 181.5, 0.04
삼성, 240, 김재상, 2B, 1, 17, 22, 22, 20, 1, 3, 0, 0, 1, 6, 2, 0, 0, 2, 0, 0, 4, 1, 0, 0, 0.150, 0.227, 0.300, 0.527, -0.077, 38.9, -0.02
SSG, 240, 이흥련, C, 1, 16, 17, 16, 14, 1, 1, 0, 0, 1, 4, 2, 0, 0, 2, 0, 0, 6, 0, 1, 0, 0.071, 0.188, 0.286, 0.474, -0.143, -10.5, -0.35
LG, 240, 안익훈, CF, 1, 11, 23, 23, 22, 1, 7, 1, 0, 0, 8, 2, 0, 0, 0, 1, 0, 2, 0, 0, 0, 0.318, 0.348, 0.364, 0.712, 0.018, 119.2, 0.12
NC, 240, 박주찬, C, 1, 5, 14, 14, 14, 1, 2, 0, 0, 0, 2, 0, 0, 0, 0, 0, 0, 2, 0, 0, 0, 0.143, 0.143, 0.143, 0.286, -0.123, -0.3, -0.24
LG, 240, 김주성, 2B, 1, 11, 7, 7, 5, 1, 1, 0, 0, 0, 1, 0, 0, 0, 1, 1, 0, 2, 0, 0, 0, 0.200, 0.429, 0.200, 0.629, 0.005, 108.2, -0.09
KT, 240, 박민석, 2B, 1, 4, 4, 4, 4, 1, 1, 0, 0, 0, 1, 0, 0, 0, 0, 0, 0, 3, 0, 0, 0, 0.250, 0.250, 0.250, 0.500, -0.105, 14.6, -0.08
삼성, 240, 조민성, 1B, 1, 15, 29, 29, 29, 1, 6, 2, 0, 0, 8, 5, 0, 1, 0, 0, 0, 6, 1, 0, 0, 0.207, 0.207, 0.276, 0.483, -0.105, 15.0, -0.30
한화, 240, 유상빈, CF, 1, 3, 8, 8, 6, 1, 0, 0, 0, 0, 0, 0, 0, 0, 1, 1, 0, 1, 0, 0, 0, 0.000, 0.250, 0.000, 0.250, -0.135, -10.6, -0.03
두산, 240, 신성현, 1B, 1, 12, 15, 15, 12, 1, 1, 0, 0, 0, 1, 1, 0, 1, 3, 0, 0, 4, 0, 0, 0, 0.083, 0.267, 0.083, 0.350, -0.120, 2.2, -0.10
한화, 240, 김건, 2B, 1, 7, 12, 12, 12, 1, 2, 0, 0, 0, 2, 0, 0, 0, 0, 0, 0, 8, 0, 0, 0, 0.167, 0.167, 0.167, 0.334, -0.166, -37.1, -0.35
한화, 240, 장운호, CF, 1, 4, 11, 11, 9, 1, 2, 0, 0, 0, 2, 1, 0, 0, 2, 0, 0, 2, 0, 0, 0, 0.222, 0.364, 0.222, 0.586, -0.036, 73.4, -0.08
KT, 240, 문상준, 2B, 1, 2, 5, 5, 5, 1, 1, 0, 0, 0, 1, 0, 0, 0, 0, 0, 0, 4, 0, 0, 0, 0.200, 0.200, 0.200, 0.400, -0.138, -13.4, -0.22
SSG, 240, 김정민, LF, 1, 8, 2, 2, 2, 1, 1, 0, 0, 0, 1, 0, 0, 0, 0, 0, 0, 1, 0, 0, 0, 0.500, 0.500, 0.500, 1.000, 0.070, 163.6, 0.00
한화, 240, 허관회, C, 1, 10, 7, 7, 7, 1, 0, 0, 0, 0, 0, 0, 0, 0, 0, 0, 0, 2, 0, 0, 0, 0.000, 0.000, 0.000, 0.000, -0.301, -151.6, -0.27
삼성, 240, 이태훈, 1B, 1, 12, 14, 14, 13, 1, 3, 1, 0, 0, 4, 0, 0, 0, 1, 0, 0, 7, 0, 0, 0, 0.231, 0.286, 0.308, 0.594, 0.006, 108.9, -0.09
두산, 240, 안승한, C, 1, 22, 27, 27, 24, 1, 5, 0, 0, 0, 5, 1, 1, 0, 2, 1, 0, 10, 0, 0, 0, 0.208, 0.296, 0.208, 0.504, -0.081, 35.0, -0.41
키움, 258, 이승원, 2B, 0, 4, 5, 5, 5, 0, 0, 0, 0, 0, 0, 0, 0, 0, 0, 0, 0, 2, 0, 0, 0, 0.000, 0.000, 0.000, 0.000, -0.297, -147.8, -0.17
